<?xml version="1.0" encoding="UTF-8"?>
<project-private xmlns="http://www.netbeans.org/ns/project-private/1">
    <editor-bookmarks xmlns="http://www.netbeans.org/ns/editor-bookmarks/2" lastBookmarkId="0"/>
    <open-files xmlns="http://www.netbeans.org/ns/projectui-open-files/2">
        <group>
            <file>file:/D:/NetBeans20/OrderingSystem/src/Profil/Profile.java</file>
            <file>file:/D:/NetBeans20/OrderingSystem/src/Details/Productdetail/Suggested_Products.java</file>
            <file>file:/D:/NetBeans20/OrderingSystem/src/Profil/Main_Profile.java</file>
            <file>file:/D:/NetBeans20/OrderingSystem/src/Search/Search_Head.java</file>
            <file>file:/D:/NetBeans20/OrderingSystem/src/bestellsystem/Homepage/Side_Homepage.java</file>
            <file>file:/D:/NetBeans20/OrderingSystem/src/bestellsystem/img/adress.png</file>
            <file>file:/D:/NetBeans20/OrderingSystem/src/Details/Productdetail/Reviews.java</file>
            <file>file:/D:/NetBeans20/OrderingSystem/src/bestellsystem/Homepage/ProductPanel.java</file>
            <file>file:/D:/NetBeans20/OrderingSystem/src/bestellsystem/Homepage/Head_Homepage.java</file>
            <file>file:/D:/NetBeans20/OrderingSystem/src/bestellsystem/img/rating/rating_5.png</file>
            <file>file:/D:/NetBeans20/OrderingSystem/src/bestellsystem/Homepage/Homepage.java</file>
            <file>file:/D:/NetBeans20/OrderingSystem/src/bestellsystem/OrderingSystem.java</file>
            <file>file:/D:/NetBeans20/OrderingSystem/src/Search/SearchResult.java</file>
            <file>file:/D:/NetBeans20/OrderingSystem/src/bestellsystem/Database.java</file>
            <file>file:/D:/NetBeans20/OrderingSystem/src/Details/Productdetail/ProductDetail.java</file>
            <file>file:/D:/NetBeans20/OrderingSystem/src/bestellsystem/img/profil.png</file>
            <file>file:/D:/NetBeans20/OrderingSystem/src/bestellsystem/GUI.java</file>
            <file>file:/D:/NetBeans20/OrderingSystem/src/bestellsystem/ErrorMessage.java</file>
            <file>file:/D:/NetBeans20/OrderingSystem/src/bestellsystem/img/rating/rating_1.5.png</file>
            <file>file:/D:/NetBeans20/OrderingSystem/src/Details/OrderDetail.java</file>
            <file>file:/D:/NetBeans20/OrderingSystem/src/bestellsystem/img/heart.png</file>
            <file>file:/D:/NetBeans20/OrderingSystem/src/Details/Detail_Head.java</file>
            <file>file:/D:/NetBeans20/OrderingSystem/src/bestellsystem/Homepage/Main_Homepage.java</file>
            <file>file:/D:/NetBeans20/OrderingSystem/src/bestellsystem/ClassList.java</file>
            <file>file:/D:/NetBeans20/OrderingSystem/src/Profil/Head_Profile.java</file>
            <file>file:/D:/NetBeans20/OrderingSystem/src/bestellsystem/img/heart_red.png</file>
        </group>
    </open-files>
</project-private>
